mutation,Ffb_exp
F24N,-0.093327151
G42W,-0.262261384
P33C,-0.128991485
C40R,-0.0799285
N30R,-0.066074296
Q4E,0.054707496
R20G,-0.055966158
L17R,-0.847840213
D14A,-0.930386863
Y51K,-0.943146809
G45L,-0.952752701
D14L,-0.175650633
G15S,-0.391936241
G38L,-0.832029098
W35C,-0.808793999
T53M,-0.165343346
Q4Y,-0.09657221
G22E,-0.297972186
Q4M,-0.532784611
N50Q,-0.024841851
D23H,-0.321781353
I25D,-0.594385892
I25V,-0.065573888
I25M,-0.638411736
D14H,-0.093824101
E13D,-0.217670466
V27A,-0.557518766
F7L,-0.69428047
P33G,-0.168128566
K37Q,0.090570539
R20N,-0.005056904
G38V,-0.469320767
Y51T,-0.935963446
G38R,-0.813608685
R20L,-0.035908428
R21M,-0.04174272
Y2C,-0.006695505
D8F,-0.668696872
S31A,-0.071719991
N34Y,-0.109983387
F19T,-0.652273815
D8C,-0.204309785
P48H,-0.655671543
G42L,-0.279545146
D23N,-0.154977821
M46V,-0.060317067
Y2R,0.054972896
P11F,-0.605030218
G38W,-0.617820938
P54Q,-0.001727917
N50K,-0.376581654
F24G,-0.206480458
V27G,-0.907057468
W36L,-0.271595874
M28W,-0.018860011
P11R,-0.205680864
Y51C,-0.737609794
L17P,-0.762205589
R49I,-0.016864286
D10F,-0.034746551
T53I,-0.141747081
I25Y,-0.703625429
V55A,-0.14780447
Q43L,-0.013457305
P48Q,-0.098137409
T1G,-0.012348659
D14Y,-0.106758727
V3T,-0.193724589
D29E,-0.059098977
Y51Q,-0.606757387
C40W,-0.422218463
R20I,-0.056275914
Y2F,-0.01774265
E13V,-0.466238052
M46L,0.088987116
G22V,-0.537175972
P11Q,-0.091624516
N56S,-0.059862752
M46A,-0.189385893
G15R,-0.536629179
G45A,-0.638772594
P33T,-0.101918627
H41R,-0.090804498
D14K,-0.123179033
F9H,-0.922802262
E13G,-0.492548584
G45I,-0.868090802
P33A,-0.012976906
N34I,-0.309515496
F7I,-0.848911093
R21K,0.051743725
H26F,0.049086523
M28T,0.048190112
P54L,-0.00365689
N34G,-0.317716416
V27E,-0.737599894
Q4L,-0.166367097
T53D,-0.06798064
A39E,-0.017314706
M46R,-0.787480168
Y51N,-0.890798759
A5P,-0.655987114
I25A,-0.531573824
Y2N,-0.035080302
K37I,0.072859157
R49C,0.072814667
H41E,-0.049158133
F19Y,-0.666362754
L6P,-0.705604434
S31R,-0.011959583
Q43V,-0.020220888
F47D,-0.603536331
G42M,-0.172125654
T1K,0.010463808
Y51S,-0.8759428
P11N,-0.202570193
Q4T,-0.073052251
C40S,-0.049621921
F9N,-0.834029057
F19N,-0.672122143
E16Y,-0.766842976
N50F,-0.357181695
R49Q,-0.150175909
N56T,0.002817677
T1V,-0.002641086
Y51I,-0.867126881
F9V,-0.928359996
V55D,-0.029901063
V52N,-0.616753945
A39T,-0.068418604
R21P,-0.4749581
Q43N,-0.017946889
P33I,-0.094332226
F9M,-0.81120587
G15V,-0.728565673
F9L,-0.71810906
S31P,-0.647122623
N56F,-0.087044288
D8S,-0.123991168
N34S,-0.269391028
G38C,-0.782902628
G15A,-0.40471002
T1L,-0.039343248
G45P,-0.72241023
E13Q,-0.45011334
F7C,-0.68563634
N56V,0.042980444
P11D,-0.069750413
T53V,-0.097022074
F7T,-0.734555228
D29S,-0.289393479
F24H,-0.075544837
T53F,-0.09446319
F47L,-0.332078011
T1M,-0.033309535
R21G,-0.138307226
A5S,-0.190550992
Q43H,-0.013247732
R49H,-0.070040258
N30I,-0.163658727
R21H,-0.032112567
S31K,0.012544541
E16R,-0.938426174
V52E,-0.913733217
N34T,-0.315761273
G45V,-0.598090167
C40N,-0.12633652
E13K,-0.712297067
L17V,-0.172971801
D32K,-0.732154496
D29V,-0.299648833
A39G,0.008185368
M28E,0.015503585
R49N,0.032660828
V3G,-0.356312011
P54F,-0.016769904
P33S,-0.05818226
D8N,-0.018460205
G18N,0.000306732
M28V,0.006477023
V3D,-0.866214751
C40L,-0.085814914
A39N,-0.137216497
R20C,-0.019148882
T53A,0.019066661
W35E,-0.791596574
Q4P,-0.820586739
T44G,-0.210942879
G45T,-0.983555294
V52P,-0.450800827
D23L,-0.804509806
M46E,0.084070823
V55F,-0.006704681
G38D,-0.64830523
I25T,-0.801316731
H26Q,0.002673387
T44S,0.004375553
L17A,-0.777217169
P48I,-1.093106202
N30S,0.001593109